Wed Aug 13 07:14:10 MDT 2025: Daily Workflow completed
Thu Aug 14 05:00:20 MDT 2025: Daily Workflow completed
Fri Aug 15 05:01:39 MDT 2025: Daily Workflow completed
Sat Aug 16 05:02:53 MDT 2025: Daily Workflow completed
Sun Aug 17 05:01:54 MDT 2025: Daily Workflow completed
Mon Aug 18 05:00:03 MDT 2025: Daily Workflow completed
Tue Aug 19 05:14:55 MDT 2025: Daily Workflow completed
Wed Aug 20 05:11:44 MDT 2025: Daily Workflow completed
Thu Aug 21 05:00:23 MDT 2025: Daily Workflow completed
Fri Aug 22 05:00:22 MDT 2025: Daily Workflow completed
Sat Aug 23 05:01:22 MDT 2025: Daily Workflow completed
Sun Aug 24 05:00:18 MDT 2025: Daily Workflow completed
Mon Aug 25 05:00:06 MDT 2025: Daily Workflow completed
Tue Aug 26 05:00:06 MDT 2025: Daily Workflow completed
